1621929244000,el-radio__original,
1621929398000,el-radio is-bordered Choose Library,
1621929604000,el-radio__original,
1621929604000,fuck me,
1621929611000,fuck me,
riginal,
1621929670000,el-radio__original,
1621929673000,fuck me,
1621929673000,el-radio__original,
1621929698000,el-radio__original,
1621929698000,el-radio is-bordered Choose Library,fuck
1621929706000,el-radio__original,
hoose Library,fuck
1621929708000,el-radio__inner,

1621929713000,el-radio__original,
1621929721000,el-radio__original,
1621929736000,fuck me,
riginal,
1621929825000,el-radio__original,
1621929825000,el-radio__label,
1621929949000,fuck_me,
1621930048000,el-radio is-bordered Choose Library,fuck
1621930201000,el-radio__label,
1621930201000,el-radio__original,
1621930206000,fuck_me,
1621930208000,el-radio__original,
s-checked Choose Library,fuck
1621930213000,el-radio__original,
1621930239000,fuck_me,
1621930246000,el-radio is-bordered is-checked Choose Library,fuck
1621930246000,el-radio__original,
1621930256000,fuck_me,
1621930258000,Blank,
1621930265000,el-step__icon is-text,
1621930267000,el-radio__label,
1621930267000,el-radio__original,
1621930268000,fuck_me,
1621930275000,el-radio__original,
1621930291000,el-radio__original,
1621930292000,el-radio__label,
1621930292000,el-radio__original,
1621930294000,el-radio__original,
1621930294000,el-radio__inner,
1621930304000,el-radio__label,

1621930306000,el-radio__label,
1621930306000,el-radio__original,
1621930309000,el-radio__label,

1621930311000,el-radio__original,
1621930408000,el-radio__inner,
1621930408000,el-radio__original,
1621930468000,Blank,
1621930469000,el-radio__label,
1621930469000,el-radio__original,
1621930570000,el-menu-item is-active My Learning,
1621930572000,el-menu-item is-active Booking,
1621930574000,el-radio__original,
1621930609000,el-radio__original,
1621930662000,el-radio__original,
1621930666000,,
1621930683000,el-radio__original,
1621930720000,el-radio__original,
1621930722000,el-radio is-bordered Choose Library,fuck
1621930722000,el-radio__original,
1621930727000,el-radio__original,
1621930727000,el-radio is-bordered Choose Library,fuck
1621930757000,el-radio is-bordered Choose Library,fuck
1621930757000,el-radio__original,
1621930761000,el-radio is-bordered Choose Library,fuck
1621930761000,el-radio__original,
1621930841000,Blank,
1621930843000,el-radio__original,
1621930845000,el-radio__original,
1621930860000,el-radio__original,
hoose Library,fuck
1621930862000,el-radio__original,
hoose Library,fuck
1621931755000,el-radio__label,
1621931759000,el-radio__label,
1621931838000,el-menu-item is-active Booking,
1621931847000,el-radio is-bordered Choose Library,fuck
1621931851000,el-radio__label,
1621931858000,el-menu-item is-active My Learning,
1621931859000,el-menu-item is-active Booking,
1621931860000,el-radio__label,
1621931865000,el-radio__label,
1621932079000,el-radio__label,
1621932080000,el-radio__label,
1621932087000,el-menu-item is-active Booking,
1621932090000,el-menu-item is-active More,
1621932091000,el-menu-item is-active Booking,
1621932093000,el-menu-item is-active Library,
1621932093000,el-menu-item is-active Booking,
1621932111000,el-menu-item is-active My Home,
1621932113000,el-menu-item is-active My Learning,
1621932113000,el-menu-item is-active Booking,
1621932119000,el-menu-item is-active My Home,
1621932120000,el-menu-item is-active My Learning,
1621932120000,el-menu-item is-active Booking,
1621932205000,el-radio__label,
1621932205000,el-radio__label,
1621932208000,el-menu-item is-active Booking,
1621932317000,el-radio__label fuckLibrary 1,
1621932328000,el-menu-item is-active Booking,
1621932532000,el-menu-item is-active My Learning,
1621932533000,el-menu-item is-active Booking,
1621932614000,,
1621932620000,el-menu-item is-active Booking,
1621932691000,el-radio__label Library 1,
1621932694000,el-radio__label Library 2,
1621932696000,el-radio is-bordered Choose Library,fuck
1621932701000,,
1621932976000,"el-button el-button--primary <!--v-if--><!--v-if--><span> 下一步<i class=""el-icon-right el-icon--right""></i></span>",
1621933013000,el-button el-button--primary NextStep,
1621933022000,el-menu-item is-active Booking,
1621933039000,,
1621933145000,el-menu-item is-active Booking,
1621933147000,"  下一步<i class=""el-icon-right el-icon--right""></i>",
1621933167000,el-menu-item is-active Booking,
1621933183000,el-icon-right el-icon--right,
1621933533000,el-radio__inner  undefined,
1621933540000,el-main,
1621933545000,initImg fillImg,
1621933547000,initImg fillImg,
1621933549000,initImg fillImg,
1621933550000,el-menu el-menu--horizontal el-menu-demo,
1621933552000,el-menu el-menu--horizontal el-menu-demo,
1621933558000,el-menu el-menu--horizontal el-menu-demo,
1621933564000,Blank,
